Link,Title,Location,Salary,Summary
https://kr.indeed.com/viewjob?jk=0ab807ae683b66f8,"Agency Development Manager, Google Customer Solutions (Engli...",서울,,"Manager, you'll focus on growing long- term relationships with managed traditional... data-driven long- term agency plans..."
https://kr.indeed.com/viewjob?jk=bf6a63af590f02f4,Sales Associate,경기도 수원+1 지역,,"maintain a long term relationship... skills and ability to maintain long- term with clients and community, understand..."
https://kr.indeed.com/viewjob?jk=c1f2ecc575a8e4f4,Floor Manager,경기도,,"support with planning of turnover and hours short-and long- term, to secure an efficient workflow •Act as a customer service..."
https://kr.indeed.com/viewjob?jk=715a543414714d53,"GWS, Receptionist (사원~대리급)",서울,,client premises in Yeoido Contract Type: Regular (open term) JOB SUMMARY Provides administrative support to a department...
https://kr.indeed.com/viewjob?jk=3b3500d638804853,Beverage Manager,서울,,"understands the environment and coaches others to improve long- term outcomes Has good business acumen, a strong work ethic..."
https://kr.indeed.com/viewjob?jk=3e3844a591e7557c,Sourcing Recruiter,서울,,"pay only for what they use... up-front expenses or long- term commitments, making AWS the most cost-effective, flexible..."
https://kr.indeed.com/viewjob?jk=e3e0df7ceef90def,[존슨앤드존슨] HealthCare Compliance Manager,서울,,Compliance Manager - 근무지: 서울시 용산구 - 근무형태: 계약직 (Fixed- term) [Summary... role will support the day to day implementation...
https://kr.indeed.com/viewjob?jk=28424fee09a90c2d,Account Mgr,대한민국,,"responsible for sales results. • Establishes strong, long- term customer relationships and cultivates new business..."
https://kr.indeed.com/viewjob?jk=d1c8f23ea443cb4c,International Business Developer,서울,,"authority, negotiation skills. -Long- Term Strategic Thinking: Capable of explaining... have a long- term bonding with our..."
https://kr.indeed.com/viewjob?jk=30e17a7d8ce9d4d4,Software Engineer,서울,,UJET developer community Contribute... vision and long- term strategy in your domain of expertise Find ways to spread...
https://kr.indeed.com/viewjob?jk=bc9253b443201ff9,"Manager Technical Services Yangsan, South Korea Operations",대한민국,,"plan on a medium- term basis, to ensure... Drive and establish the short- and long- term manufacturing assumption and define..."
https://kr.indeed.com/viewjob?jk=cf1f60fafb85966b,Management Controller,대구,,gaps and variations with Budget 3. Participation... Middle Term Plan and Budget... entity 4. Support the Regional...
https://kr.indeed.com/viewjob?jk=4b586124dcfb1240,"Programs Director Family and Morale Welfare and Recreation,...",대한민국,,type programs. Experience with development and execution of Long- term (5 year) Strategic Planning pertaining... operation...
https://kr.indeed.com/viewjob?jk=7ad105b2d284855b,Training Partner Manager,서울,,"Experience developing an indirect sales channel with long- term strategic relationships, and delivering sell-through revenue..."
https://kr.indeed.com/viewjob?jk=241b2fe27ef92f8f,Field Support Specialist 1,서울,,"Provide long or short term site coverage... travel at short notice - short and long term, within region, potentially globally..."
https://kr.indeed.com/viewjob?jk=c93220a010f0f25d,Systems / Network Administrator - OCONUS,대한민국,,Start: TS/SCI with Polygraph Employee Type: Regular-Long Term Assignment Percentage of Travel Required: Up to 10% Type...
https://kr.indeed.com/viewjob?jk=76aca9d890987d3a,"Public Sector Account Executive, Healthcare/Research",서울,,prospects in order to build long- term business opportunity. You’ll also work... Develop long- term strategic partnerships...
https://kr.indeed.com/viewjob?jk=f142603368812e9a,DISW - Portfolio Development Executive,서울,,"Provide leadership to PreSales Business Development on long term strategic value proposition and industry positioning, ECO..."
https://kr.indeed.com/viewjob?jk=c973782c2738e058,"Principal Investment, Real Estate Investment, VP, Korea",서울,,decisions Assist senior members... team... preparation of term sheets and reviewing transaction documentation Project...
https://kr.indeed.com/viewjob?jk=6ebd41f7c269b5bb,A&T Office - Occupier Intern,서울,,"materials necessary for transactions - Prepares offers, term sheets and lease amendments... responsible for project..."
https://kr.indeed.com/viewjob?jk=b87e98432a95d128,"Settlement Operations, Cash Equities",서울,,"principal investment. Job no: COG-962296 Work type: Fixed term Location: Seoul Category: Junior, Operations Group: Corporate..."
https://kr.indeed.com/viewjob?jk=7fb69385a101cc05,HR Specialist,서울,,Forecast(RF)) W/H tax support We are proud to have a long- term bonding with our employees: More than 30% of our employees...
https://kr.indeed.com/viewjob?jk=9054ea6641797ebe,Head of CE&I,서울,,insights. Responsibilities Responsible for corporate long- term strategy plan set up and manage/ monitor portfolio...
https://kr.indeed.com/viewjob?jk=0049e64a61fecda5,IMC- PR Mgr,서울 강남구,,자격요건 담당직무 1.Draft and develop competitive short & long term digital strategy 2. Improve digital media spending effectiveness...
https://kr.indeed.com/viewjob?jk=40b571613edb1995,45 Million Compensation Professional benefits and work envir...,서울 강남구,,career minded teachers looking for long- term job stability... career minded... pay scale for long term teachers. 21 days...
https://kr.indeed.com/viewjob?jk=dd97350a5dc78515,Trade Business Intelligence Manager,대한민국,,placing emphasis on long- term sustainable growth and employee well-being over short- term profits... aim... role...
https://kr.indeed.com/viewjob?jk=754b75426562a781,UI Designer (freelance),서울,,large-scale platforms to mobile apps. You like working on long- term projects and love to get dirty with clean and functional...
https://kr.indeed.com/viewjob?jk=6446eaf84a28cd78,[Chloe] Merchandiser,서울,,looking vision of femininity continues to inspire our long- term commitment to support the advancement of women. Women moving...
https://kr.indeed.com/viewjob?jk=d9f3809ca80b00f2,Customer Project Technical Senior Engineer,서울,,perform Engineering & Commissioning activity for short and long term deputation  To perform customer FAT  Good in english...
https://kr.indeed.com/viewjob?jk=e8ef1bcf035956a1,Firestop Engineer,서울,,customers. Local / country scope. We are proud to have a long- term bonding with our employees: More than 30% of our...
https://kr.indeed.com/viewjob?jk=91a7c89722c09990,Resident Service Support Specialist (RS3),서울,,process to enable analysis of operational trends and long term system performance for major VIS assets installed within...
https://kr.indeed.com/viewjob?jk=51b01ccc49d7488e,Theme Park Business Developer,경기도 용인,,"multi-national amusement/theme park companies Contract Term: 2yrs, but renewable. Compensation: Very competitive (Negotiable..."
https://kr.indeed.com/viewjob?jk=d96235802139686d,Financial Accountant,서울,,"capacity for change is critical to progress and long term success. Strong communication skills, including good in English..."
https://kr.indeed.com/viewjob?jk=825ba5ca1ee72e32,Korea - JD Sports Account Lead Manager,서울,,"implementation of seasonal, annual, and long- term plans by closely collaborating with partners... applying an..."
https://kr.indeed.com/viewjob?jk=cbb6d05da9037e80,Creative Producer,서울,,"stakeholders and multiple priorities, balancing short and long term needs and implications. * Strong verbal and written..."
https://kr.indeed.com/viewjob?jk=4bdec98863a23a36,Commercial Project Manager,서울,,implementation of Long- Term Operation... than 5 years working experience in long term project management including budgeting...
https://kr.indeed.com/viewjob?jk=2c7ab1fd4063c976,Regional Director Field Service – Asia Pacific Region,서울,,region • Extensive knowledge of drivers of short and long term service cost and experience in national and international...
https://kr.indeed.com/viewjob?jk=5688bfdd73e4a00e,Korea - Ops & Logistics Business System Analyst Lead (Icheon...,대한민국,,rapidly changing markets’ need for fulfillment and support long term business growth. Operations & Logistics Business System...
https://kr.indeed.com/viewjob?jk=260bcd2e03857dd1,Commercial Manager Travel Sellers Korea,서울,,"needs and drive Amadeus growth... market. - Define mid/long term ambition, strategic plan and associated KPIs across our..."
https://kr.indeed.com/viewjob?jk=10948eecefb3d8e8,Finance Manager,서울,,forecasting for annual operating plans as well as long- term forecasts. You will oversee monthly budget reviews by working...
https://kr.indeed.com/viewjob?jk=bb01900aa7b4ab34,Solutions Architect,서울,,managers within your larger organization when discussing mid- term customer strategy and architectural best practices · We...
https://kr.indeed.com/viewjob?jk=01d11117dd2c8132,Senior Category Manager – Hair Care,서울,,Contribute to Group... mid-to-long term brand development and future NPD... create mid-to-long term growth plans...
https://kr.indeed.com/viewjob?jk=b503a93f48475d62,TikTok Live Operations Leader,서울,,live streaming team for South Korea; - Making short term and long term strategy and plans for live streaming development...
https://kr.indeed.com/viewjob?jk=80f98e9a782c40b5,Analytics Specialist,서울,,"stakeholders and multiple priorities, balancing short and long term needs and implications. * Strong verbal and written..."
https://kr.indeed.com/viewjob?jk=2b52b2ee18f36571,Phonics Teacher (F-Visas Only),서울,,Housing allowance * Clearly structured pay scale for long term teachers. Start Date * Dec - How to apply: Please send...
https://kr.indeed.com/viewjob?jk=cb13f43a0e9b1d2d,Automotive Industry Manager,서울,,"content, and marketing plan, as well as help define the long- term technology roadmap. Through... efforts, you will shape..."
https://kr.indeed.com/viewjob?jk=1fe5d621f35822dd,Managing Director - Country Manager Korea,서울,,"projection. You... required to negotiate complex, long- term contracts... get Group buy... business context..."
https://kr.indeed.com/viewjob?jk=41533e649253e759,"Senior Manager, Global Key Accounts, Wholesale",서울,,Alliance Accounts (Footlocker & JD... short/mid/long term strategic plan to achieve “Win... Winners... develop...
https://kr.indeed.com/viewjob?jk=1a9c0a18e7fe14f6,Marketing Communication,서울,,Plan marketing events including budget and short and long- term strategy Create and maintain consistent corporate brand/image...
https://kr.indeed.com/viewjob?jk=dd80d6e1278eb43d,"Associate Director, Marketing Effectiveness",대한민국,,"providing cross market expertise. Over the medium term, the objective... internalize the skills and competences leveraged..."
https://kr.indeed.com/viewjob?jk=f89ee17456fc7153,"Asset Management, Assistant, Seoul",서울,,around the world... dedicated partnership and focus on long- term performance. As primary investment area within Goldman...
https://kr.indeed.com/viewjob?jk=3ec2e8173405e407,Solution Area Specialist,서울,,influence long- term strategic direction... Articulates business value and long- term implications for customer business...
https://kr.indeed.com/viewjob?jk=3a9f2ac38ab46737,Senior E-boutique Professional (Kakao),서울,,platform & identify new opportunities - building strong & long term partnerships with operators to get analytics and customer...
https://kr.indeed.com/viewjob?jk=d476564717f124b3,Account Sales,서울,,opportunity development Strategic planning short & long term business development You are best equipped... task if you...
https://kr.indeed.com/viewjob?jk=24a5fd77293f412a,Korea Stat & Tax Controller,서울,,workload perspective. Build trust to lay the foundation of long- term growth from a customer and shareholder point of view...
https://kr.indeed.com/viewjob?jk=64d3d94729a39a58,[Janssen] Financial Analyst,서울,,"Analyst 2. 계열사: 한국얀센 (Janssen) 3. 근무지: 서울시 용산구 4. 근무 형태: Fixed Term [Responsibilities] 1) Assist, enable and ensure that BU..."
https://kr.indeed.com/viewjob?jk=a9b90a7d08e03905,"Manager, Studio Strategy & Analysis",서울,,"making and timely execution Develop country-level long- term studio strategies, facilities, and resource plans and support..."
https://kr.indeed.com/viewjob?jk=7619e62977456182,Project Management Specialist,서울,,"two-year fixed- term employment contract with full benefits. Following successful completion... employment term, employees..."
https://kr.indeed.com/viewjob?jk=bcc6fd8422c3b005,"Manager, Marketing Strategy",서울,,"paid, digital, social, partnerships etc.) Evaluate short and long term performance of marketing activities Drive operational..."
https://kr.indeed.com/viewjob?jk=2496138ec2d92bfa,Assistant Training Manager,서울,,"mindset is core to our business and key to our long- term success. JOB PURPOSE Service excellence ambassador, responsible..."
https://kr.indeed.com/viewjob?jk=a825d432af879511,Consultant - Capital Productivity,서울,,continuous improvement effort or developing short and long- term capability-building plans for all relevant levels of client...
https://kr.indeed.com/viewjob?jk=0e0b2303bed65668,L.E.A.D in Maersk Korea,서울,,together with others. • Strong desire to pursue a long- term career in transport and logistics. • You... an excellent...
https://kr.indeed.com/viewjob?jk=6b03161b6193d830,Jr.Analyst,서울 강남구,,Long Range Plan to achieve company strategic goal in long term view · Frequent and continuous communication with business...
https://kr.indeed.com/viewjob?jk=2169450ebb8d1a48,KR_Communications Manager,대한민국,,"animals... family owned company, we focus on long- term performance. We believe... we have talented and ambitious..."
https://kr.indeed.com/viewjob?jk=353bae19e59dd396,"[Janssen] Communications and Public Affairs Head, North Asia",서울,,"Nth Asia market and demonstrate the company’s long- term commitment... Korea, Taiwan and HK markets, - Demonstrate..."
https://kr.indeed.com/viewjob?jk=4c155d9f4f0fb0d3,Selling Partner Support Associate,서울,,Position Description: Global Seller Support Associate (Fixed- term... Seller Support Associate acts... primary...
https://kr.indeed.com/viewjob?jk=b564819422c98392,E-commerce intern,서울 종로구,,"group – short and long term. Responsible... customer satisfaction, short and long- term. Daily optimization and evaluation..."
https://kr.indeed.com/viewjob?jk=438adba5847882f6,"Offcycle internship, Macquarie Capital Korea",서울,,"principal investment. Job no: MacCap-962251 Work type: Fixed term Location: Seoul Category: Junior, Corporate Finance / M..."
https://kr.indeed.com/viewjob?jk=bb53ebeb0191c9bc,"[Janssen] Associate Digital Medical Excellence Manager, Medi...",서울,,medical communication strategy and processes - Establish the long- term Roadmap of Medical digital transformation to scale up...
https://kr.indeed.com/viewjob?jk=8431ae82f2f68208,Renewable Energy Analyst,서울,,"Forecasting long- term resource using... data; Development of annual and long term solar energy assessments, using various..."
https://kr.indeed.com/viewjob?jk=5e3c43d2dceee68b,"Representative, Businesss Services",대한민국,,"statements and projections Working knowledge of short and long term budgeting and forecasting, rolling budgets, and product..."
https://kr.indeed.com/viewjob?jk=3f5b58345f2600f3,2021-2 Call for IBS Young Scientist Fellowship,대한민국,,"Fellows (YSFs) may be cancelled. During the Fellowship term, participating in other projects funded by sources outside IBS..."
https://kr.indeed.com/viewjob?jk=1be01e0237ee0ab5,Intern - Economic Affairs (171198),인천,,commission of any... acts. The term “sexual exploitation” means any actual... conditions. The term “sexual harassment...
https://kr.indeed.com/viewjob?jk=885cfd9765788def,Senior Sales Associate (신세계 광주),광주광역시,,mindset is core to our business and key to our long- term success. JOB PURPOSE To provide an inspirational shopping...
https://kr.indeed.com/viewjob?jk=9e6f35f3bd13e57b,KERING Legal Assistant (Fixed-Term),서울,,Assistant (1yr Fixed- Term) Division... background. Job Type Fixed Term (Fixed Term) Start Date 2021-12-15 Schedule...
https://kr.indeed.com/viewjob?jk=5ae63a96736e5b91,Intern (February - August 2022),서울,,"principal investment. Job no: INT-962078 Work type: Fixed term Location: Seoul Category: Junior, Asset Management, Graduate..."
https://kr.indeed.com/viewjob?jk=58f9128b82249c78,Paralegal 1,서울,,contract negotiations and drafting non-standard contractual term/language both in English and Korean. Support other members...
https://kr.indeed.com/viewjob?jk=00fbbe5760a7d330,E-commerce intern (6 months contract),서울 종로구,,"group – short and long term. Responsible... customer satisfaction, short and long- term. Daily optimization and evaluation..."
https://kr.indeed.com/viewjob?jk=63341f6216dfbc18,Associate Environmental Affairs Officer,인천,,commission of any... acts. The term “sexual exploitation” means any actual... conditions. The term “sexual harassment...
https://kr.indeed.com/viewjob?jk=e95c7a43409e805b,Customer Support (Chat) - Korean/English - Music Streaming,서울,,enjoyable online environment... an established and long- term project with an incredibly strong internal support system...
https://kr.indeed.com/viewjob?jk=5052fe732f277249,Employee Relations Manager,서울,,"partnering with Leadership team, responsible for establishing long- term & constructive union relations strategy, and ensure..."
https://kr.indeed.com/viewjob?jk=d42616e67c7cadae,"Payments Compliance Officer, Finance (English, Korean)",서울,,"risks... name Google came from ""googol,"" a mathematical term... number 1 followed by 100 zeros. And nobody at Google..."
https://kr.indeed.com/viewjob?jk=bc6160ceec3a49f7,Knowledge Analyst - Panorama Financial Institutions Insights...,서울,,within your area of expertise as well as provide short- term support for delivering key insights on content-focused questions...
https://kr.indeed.com/viewjob?jk=2c4859dcecf5d674,Business Development Manager - Gaming,서울,,"organizations and influencer groups, working to drive long- term adoption and set growth strategies for our partners. Ideal..."
https://kr.indeed.com/viewjob?jk=3f14dada6ac7fb0f,IT Digital Transformation & Mobility Manager,서울,,"Team Manager prepares and delivers input... strategic, long term IT plan in collaboration... line... strategic..."
https://kr.indeed.com/viewjob?jk=56b7b4d4f5ccb034,"Representative, Businesss Services - Finance",대한민국,,"statements and projections * Working knowledge of short and long term budgeting and forecasting, rolling budgets, and product..."
https://kr.indeed.com/viewjob?jk=3ece5c9fc6355693,"Trainer, Retail",서울,,"mindset is core to our business and key to our long- term success. JOB PURPOSE Service excellence ambassador, responsible..."
https://kr.indeed.com/viewjob?jk=537762d2c5b65f3b,Programme Officer,인천,,commission of any... acts. The term “sexual exploitation” means any actual... conditions. The term “sexual harassment...
https://kr.indeed.com/viewjob?jk=ca01112f2d124b7e,E-Boutique Professional,서울,,platform & identify new opportunities - building strong & long term partnerships with operators to get analytics and customer...
https://kr.indeed.com/viewjob?jk=a34e2184cddacfd7,Head of Digital (New position),서울 강남구,,"meeting our global objectives, • Define the midterm/long term vision and strategy for MSF’s fundraising, communication, HR..."
https://kr.indeed.com/viewjob?jk=a07c1ac31bb7090e,HR Assistant,서울,,experience of using HRIS systems; Understanding of payroll processes Category Human Resources Job Type Fixed Term Contract
https://kr.indeed.com/viewjob?jk=5e828fdb6857cf61,78762P-Sales Engineer,서울,,"foster long- term, trusted business relationships. Communicate key issues and advise customers on short-and long- term product..."
https://kr.indeed.com/viewjob?jk=35e4a1f3c6ad0b5c,Assistant Project Manager ( Fixed Term Contract ),경기도 성남,,Job Description Summary Job Description Responsibilities Own the Customer relationship to understand... perspective...
https://kr.indeed.com/viewjob?jk=164dc35dd8a3106e,"Engineering Program Manager (EPM),",서울,,environment. - Preference given to candidates that open to relocation or long term assignment to other Asian country.
https://kr.indeed.com/viewjob?jk=734d550a6e91a8ba,[촉탁직] 디지털 플랫폼별 세일즈 인력,성남 분당구,,1.채용기간 2022-01-10 - 충원 완료시 2.고용형태 Contractor (Fixed Term) 3.채용직무소개 무역·영업·판매·매장관리>영업관리·영업지원>영업관리|무역·영업·판매·매장관리>영업관리·영업지...
https://kr.indeed.com/viewjob?jk=d0986208b46d0291,"Project Engineer, Korea",서울,,matter experts Contribute... success of Bloom Energy’s long- term process improvement efforts Ensure exemplary safety...
https://kr.indeed.com/viewjob?jk=566c40621d7bb8db,Customer Service Continuous Improvement Automation Specialis...,서울,,whole organization depended... area’s strategy in term of collaboration under one Maersk. • Partner... CUS team...
https://kr.indeed.com/viewjob?jk=5468af620419da64,Alliances Consultant 4,대한민국,,"issues Detailed Description and Job Requirements Builds long term, strategic relationships with named and vertical business..."
https://kr.indeed.com/viewjob?jk=02f7728ea7f5727e,Talent Acquisition Manager,서울,,stakeholders and team members Ability to see short term and long term effects of possible actions Commercial and retail mind...
https://kr.indeed.com/viewjob?jk=5a2b9481ee219d79,Tech Architect,서울,,ability to manage through influence Ability to create long term relationships and deliver programs of major impact within...
https://kr.indeed.com/viewjob?jk=1fe5d621f35822dd,Managing Director - Country Manager Korea,서울,,"projection. You... required to negotiate complex, long- term contracts... get Group buy... business context..."
https://kr.indeed.com/viewjob?jk=b503a93f48475d62,TikTok Live Operations Leader,서울,,live streaming team for South Korea; - Making short term and long term strategy and plans for live streaming development...
https://kr.indeed.com/viewjob?jk=407426c19883579d,Sr. MSL (Rare disease),서울,,skills 5. Strong desire to drive business and establish long- term customer relationships and loyalty 6. Self-motivated...
https://kr.indeed.com/viewjob?jk=9bc3561c9fe47911,Senior Retail Manager,서울,,mindset is core to our business and key to our long- term success. JOB PURPOSE To maximise the retail revenue by driving...
https://kr.indeed.com/viewjob?jk=c93220a010f0f25d,Systems / Network Administrator - OCONUS,대한민국,,Start: TS/SCI with Polygraph Employee Type: Regular-Long Term Assignment Percentage of Travel Required: Up to 10% Type...
https://kr.indeed.com/viewjob?jk=2fbf78febb973d48,Strategic Partnerships Development Manager (Korean),서울,,always trying to exceed... expectations and strengthen our long- term partner relationships. We help grow Google's business...
https://kr.indeed.com/viewjob?jk=b437dbf9f57c9723,C.S.Representative I,서울,,"책임감과 성실성 전화를 통한 고객 응대, 상담 경력 필수 We are proud to have a long- term bonding with our employees: More than 30% of our employees..."
https://kr.indeed.com/viewjob?jk=19cb085ab3848dc8,Account Manager,부산광역시,,leads and close sales to achieve revenue goals and create long- term purchase agreements with key accounts. Generate sales...
https://kr.indeed.com/viewjob?jk=e745d37ace6b4470,Customer Success Analyst - Korea (6 Months Fixed-Term),서울 강남구,,6-Months Fixed- Term Customer Success... approach... focus on building long- term partnerships. Passions for continuous...
https://kr.indeed.com/viewjob?jk=40cbef1739f31b5c,Adhesive Intern for Technical Customer Service,서울,,"영어 회화 가능자 JOB ID: 21025850 Contract & Job type: Full Time, Limited Term Contact information for application-related questions..."
https://kr.indeed.com/viewjob?jk=61a8d3be7a1773dc,Engagement Partner,경기도,,customers Work... business stakeholders... long- term and trustworthy partnership... Veeva Services team...
https://kr.indeed.com/viewjob?jk=3a08b30ab659e141,Market Development Manager,서울,,"Optimistically focus on continual growth over a longer- term horizon • Bias for Action: Have a bias for action, prioritizing..."
https://kr.indeed.com/viewjob?jk=ae859dd1db4fc46c,General Manager Korea,경기도,,Responsible for customer management. Establish long term relationship with strategic accounts and relevant stakeholders...
https://kr.indeed.com/viewjob?jk=b87e98432a95d128,"Settlement Operations, Cash Equities",서울,,"principal investment. Job no: COG-962296 Work type: Fixed term Location: Seoul Category: Junior, Operations Group: Corporate..."
https://kr.indeed.com/viewjob?jk=b69703c163179d10,Bilingual (Korean-English) Non-Voice Customer Support,서울•원격 근무,"시급 8,400원 - 9,000원","full-time... long- term work from home job. If you are looking... stable and long- term job, submit your proposal..."
https://kr.indeed.com/viewjob?jk=e2ac5f3c7544bdc7,[JW중외제약] 대졸이상 신입/경력 수시채용,서울 서초동,,"신제품 후보물질 발굴 및 License-in 추진 - 신규물질 스크리닝, 제품검토 및 시장성 평가, 사업제안, Term sheet협의 2. 신약개발과제 License-out 관련 업무의 기획 및 추진 - 내부 개발현황 파악..."
https://kr.indeed.com/viewjob?jk=2bcc127fa59fa238,"Account Manager, Samsung - Amazon Web Services, Korea",서울,,Manage and support customer interactions · Develop long- term strategic relationships with key accounts. · Ensure customer...
https://kr.indeed.com/viewjob?jk=00fbbe5760a7d330,E-commerce intern (6 months contract),서울 종로구,,"group – short and long term. Responsible... customer satisfaction, short and long- term. Daily optimization and evaluation..."
https://kr.indeed.com/viewjob?jk=2741253de882f237,"Digital/PR Marketing 팀장(8-12년, 과차장급)-유명글로벌소비재",서울 강남구,,ž Develop digital marketing strategy for mid/longer term ž Develop category/brand digital marketing strategy in line...
https://kr.indeed.com/viewjob?jk=facdad17116f33cf,Senior EHS Specialist,서울,,so you can grow your career and expand your skills... long term. Cytiva is proud to work alongside a community of nine...
https://kr.indeed.com/viewjob?jk=4847e14ba0ab8c23,[Consumer Health] Brand Manager – Neutrogena,서울,,"Neutrogena cleansing to lead the brand... short- and long- term strategy, marketing campaign, and strategic sales planning..."
https://kr.indeed.com/viewjob?jk=23ef68a78c7d4e0d,Key Account Manager,대한민국,,encourages long term business growth... outcomes. * Monitor and manage trading term compliance. * Other responsibilities...
https://kr.indeed.com/viewjob?jk=9054ea6641797ebe,Head of CE&I,서울,,insights. Responsibilities Responsible for corporate long- term strategy plan set up and manage/ monitor portfolio...
https://kr.indeed.com/viewjob?jk=4ff874866ad60ddd,Customer Service Manager,서울,,daily directions and supervision Assist in negotiating Long Term Service Agreement (LTSA) contracts in Korean Work cross...
https://kr.indeed.com/viewjob?jk=a106e743addfaf7f,Cluster Lead - Finance & Operations,서울,,organization Long- term portfolio... business in meeting short to long- term goals by providing relevant financial...
https://kr.indeed.com/viewjob?jk=62b10dfb366b175b,[Richemont Group] GL Accountant (Fixed Contract),서울,,"GL Accountant (Fixed Contract) Richemont Seoul, 11, KR Fixed Term Richemont owns some... world’s leading luxury goods..."
https://kr.indeed.com/viewjob?jk=7f728e5d2b6df57c,Strategic Finance & IR Associate,서울 강남구,,"board presentations, maintenance of corporate short- term and long- term financial modelDevelop a deep understanding..."
https://kr.indeed.com/viewjob?jk=f4575fd8d13aec0f,Store Manager,대구,,maintain a long term relationship... skills and ability to maintain long- term with clients and community and understands...
https://kr.indeed.com/viewjob?jk=d2797488f8e68220,"Accelerated Growth Consultant, Google Customer Solutions (En...",서울,,"Google Ads investment through sustainable and long- term strategies... role, you will work as a specialist to drive..."
https://kr.indeed.com/viewjob?jk=9406c6bd8ce2195b,"Advertising Solutions Architect, gTech Professional Services...",서울,,customers attain... business goals while building long- term capabilities. Behind every advertising campaign at Google...
https://kr.indeed.com/viewjob?jk=a90414059156e8be,Business Development Manager,서울,,immediate issues our clients are facing but also... long term business needs... result we’re looking for someone who...
https://kr.indeed.com/viewjob?jk=8f4b15e466f90f08,BUSINESS DEVELOPMENT ANALYST III,서울,,"develop, and implement near- term and long- term business development strategies... substantiate long- term prospects. What..."
https://kr.indeed.com/viewjob?jk=28424fee09a90c2d,Account Mgr,대한민국,,"responsible for sales results. • Establishes strong, long- term customer relationships and cultivates new business..."
https://kr.indeed.com/viewjob?jk=ba08769cee1fc8c8,KR_HP_Head of Market Access & Healthcare Affairs,대한민국,,"takes a long- term perspective. Now, we... Direct, devise and execute the long- term market access and healthcare affairs..."
https://kr.indeed.com/viewjob?jk=d2b19e4cfb712a33,Head of Real Estate,서울,,"RE spaces for building of stores Create short, medium and long term deal pipeline for expansion of country operations Drive..."
https://kr.indeed.com/viewjob?jk=73fc505039d702d5,Sales Specialist (Mercedes-Benz Mobility Korea),서울,,"Benz Mobility Long Term Rental Sales KPI... build up new services... Short Term Rental, Subscription etc. following..."
https://kr.indeed.com/viewjob?jk=258eca5e4f817ded,"Industry Manager, Tech, Mobility, Large Customer Sales",서울,,"audiences. Responsibilities Build sustainable long- term relationships with clients, media, and creative agencies. Formulate..."
https://kr.indeed.com/viewjob?jk=dec3e521fe0410d0,[Medical Devices] Sr. RA Specialist,서울,,"근무지: 서울시 용산구 - 근무형태: 계약직 (Fixed Term - 18 months) Coordinates, compiles... balances short and long- term decisions..."
https://kr.indeed.com/viewjob?jk=5cfab6ad4d8165ff,Sr. Open Innovation Manager Battery Materials South Korea,서울,,Incubation In NBI we develop long- term business opportunities... business... key long term technology partners...
https://kr.indeed.com/viewjob?jk=3ece5c9fc6355693,"Trainer, Retail",서울,,"mindset is core to our business and key to our long- term success. JOB PURPOSE Service excellence ambassador, responsible..."
https://kr.indeed.com/viewjob?jk=57800adec3e15160,[원익홀딩스] 대졸공채,성남 삼평동,,"기술력 확보, 고객 기술 Issue 사항 해결 방안 제시] 1. 장비 개선 및 검증 Test - Short Term 장비 개발 및 System 기능 개선 - 신규 Parts 개발 및 검증 Test 2. 기술 검토 및 지원..."
https://kr.indeed.com/viewjob?jk=026ef97f629ce228,"GWS, Workplace Experience Manager",서울,,set results and deadlines. Errors in judgment may cause short- term impact to co-workers and supervisor. SAFETY 1. Complete...
https://kr.indeed.com/viewjob?jk=ce4d7c54b6aa1d50,Senior Sales Engineer IPT,서울,,team Accurately... creation and implementation of annual and long term plans... business Customer call reports...
https://kr.indeed.com/viewjob?jk=f6812f8d6cb61a6f,HR Specialist (1yr contract),서울,,flexible mindset Conditions • Employment type: 1-year fixed term contract • Time type: Full-time Covid-19 Hiring Update...
https://kr.indeed.com/viewjob?jk=c3e2ef9974ac35ab,Samsung Technology Seller,서울,,"innovation and delivers results Owns short-, medium- and long- term client strategy to meet revenue and signings objectives..."
https://kr.indeed.com/viewjob?jk=825ba5ca1ee72e32,Korea - JD Sports Account Lead Manager,서울,,"implementation of seasonal, annual, and long- term plans by closely collaborating with partners... applying an..."
https://kr.indeed.com/viewjob?jk=6446eaf84a28cd78,[Chloe] Merchandiser,서울,,looking vision of femininity continues to inspire our long- term commitment to support the advancement of women. Women moving...
https://kr.indeed.com/viewjob?jk=aec461f105d1cb32,"Sr. Containers Specialist, Korea",서울,,day-to-day interactions that identify prospects for long- term business opportunities. You... single-threaded owner...
https://kr.indeed.com/viewjob?jk=be575169b22055f5,[촉탁직] Vitality 사무지원 업무 수행 인력,성남 분당구,,1.채용기간 2022-01-10 - 충원 완료시 2.고용형태 Contractor (Fixed Term) 3.채용직무소개 Vitality 사업 파트너별 정산 처리 업무 경영·인사·총무·사무>일반사무·사무지원>사무...
https://kr.indeed.com/viewjob?jk=63341f6216dfbc18,Associate Environmental Affairs Officer,인천,,commission of any... acts. The term “sexual exploitation” means any actual... conditions. The term “sexual harassment...
https://kr.indeed.com/viewjob?jk=534ced84e37f7080,Marketing specialist,경기도,,Manager and Sales Team to make the most appropriate short term and long term strategic directions and actions by providing...
https://kr.indeed.com/viewjob?jk=b408fd8cebfdb47d,"Manager, Procurement (1Year)",서울,,PR amount and guide the further procedures. Finalization of long- term contracts to ensure optimum costs and reliable supply...
https://kr.indeed.com/viewjob?jk=2496138ec2d92bfa,Assistant Training Manager,서울,,"mindset is core to our business and key to our long- term success. JOB PURPOSE Service excellence ambassador, responsible..."
https://kr.indeed.com/viewjob?jk=87d0b10c28fd5289,"CIB - Global Corporate Bank - Local Corporate - Analyst, Kor...",서울,,"drives everything we do. We strive to build trusted, long- term partnerships to help our clients achieve... business..."
https://kr.indeed.com/viewjob?jk=6e89fe4e231598b0,OFA Marine Sales Engineer_Busan,부산광역시,,order to achieve the yearly financial targets and long- term business growth plans. What we expect of you? Equivalent...
https://kr.indeed.com/viewjob?jk=a3970146052a0006,Laundry & Home Care Marketing Graduate Development Program O...,서울 강남구,,"JOB ID: 22027206 Contract & Job type: Full Time, Limited Term Contact information for application-related questions..."
https://kr.indeed.com/viewjob?jk=88a0669ad7823136,Global Business Development Manager,서울 역삼역,,Identify new clients and partners and build positive and long- term relationships • Closely work with clients and partners...
https://kr.indeed.com/viewjob?jk=8832ef3d836fbdb8,CAO - Global Business & Document Services - Client Service R...,서울,,"drives everything we do. We strive to build trusted, long- term partnerships to help our clients achieve... business..."
https://kr.indeed.com/viewjob?jk=234e7fdbed3f024e,Business Development Expert,서울,,"trends and customer needs, building a short/medium/long- term sales pipeline in accordance with targets Develop strategies..."
https://kr.indeed.com/viewjob?jk=8c319c77b1e1cbca,Adhesive Product Development Intern Busan,부산광역시,,"Office JOB ID: 21026362 Contract & Job type: Full Time, Limited Term Contact information for application-related questions..."
https://kr.indeed.com/viewjob?jk=2d255c846b9ac739,"Head of Specialist Services, Korea",서울,,revenue while working on big-rocks... lead to long- term sustained growth • Build cross-industry and cross-service...
https://kr.indeed.com/viewjob?jk=53351825a09b9af7,"Analyst - Capabilities & Insights, Global Energy & Materials",서울,,workstream in your area of expertise to provide short- term support delivering key insights on content-focused questions. You...
https://kr.indeed.com/viewjob?jk=4c155d9f4f0fb0d3,Selling Partner Support Associate,서울,,Position Description: Global Seller Support Associate (Fixed- term... Seller Support Associate acts... primary...
https://kr.indeed.com/viewjob?jk=85cb289f62e9465b,Event Ambassador,서울,,acquire new supporters by promoting and retaining a long- term relationship with existing supporters. · Actively involved...
https://kr.indeed.com/viewjob?jk=c0e1c6f4ef563672,Supply Chain Manager -WQG KR,서울,,framework of a term Contract and seek... Plan resource requirements for short term and medium term in consideration of sales...
https://kr.indeed.com/viewjob?jk=7362f3cf51658ede,Senior Recruiter (Based in Seoul),서울,,"recruitment-related initiatives... contribute... long- term growth... team, including candidate engagement/CRM..."
https://kr.indeed.com/viewjob?jk=5a2b9481ee219d79,Tech Architect,서울,,ability to manage through influence Ability to create long term relationships and deliver programs of major impact within...
https://kr.indeed.com/viewjob?jk=41f0bf1d8fb8d2f6,Cross Border Ecommerce - Project Management (Based in Seoul),서울,,projects Lead some issue management and develop short term and long term solution Efficiently organize and convene meetings...
https://kr.indeed.com/viewjob?jk=892d2f57d4870e59,[Richemont Group] AR Accountant (Fixed Contract),서울,,"AR Accountant (Fixed Contract) Richemont Seoul, 11, KR Fixed Term Richemont owns some... world’s leading luxury goods..."
https://kr.indeed.com/viewjob?jk=077c3571009bdf1c,Services Engagement Manager,경기도,,need and set expectations correctly... focus on long- term success Deliver Proposals and Statements of Work (SOW) along...
https://kr.indeed.com/viewjob?jk=2c7ab1fd4063c976,Regional Director Field Service – Asia Pacific Region,서울,,region • Extensive knowledge of drivers of short and long term service cost and experience in national and international...
https://kr.indeed.com/viewjob?jk=7cb50b7187152bc1,Project Development Manager – South Korea,서울,,model user-level skills required Ability to forge long term professional relationships with third parties Qualifications...
https://kr.indeed.com/viewjob?jk=63a76b86890fe41b,Senior Analytics Strategist,서울,,robust and accurate pipeline and forecast · Develop long- term strategic relationships with key accounts · Work closely...
https://kr.indeed.com/viewjob?jk=d476564717f124b3,Account Sales,서울,,opportunity development Strategic planning short & long term business development You are best equipped... task if you...
https://kr.indeed.com/viewjob?jk=0ab807ae683b66f8,"Agency Development Manager, Google Customer Solutions (Engli...",서울,,"Manager, you'll focus on growing long- term relationships with managed traditional... data-driven long- term agency plans..."
https://kr.indeed.com/viewjob?jk=075abc31f2654d16,Product Marketing Manager (SDA),대한민국,,Secure mid/long term product portfolio... thorough execution. Secure mid/long term product portfolio to fulfill local...
https://kr.indeed.com/viewjob?jk=9b864bc448f90755,[Lionbridge] Korean Editor,서울 마포구,,need... living within commuting distance from Seoul. Long- term and regular commitment to our localization projects...
https://kr.indeed.com/viewjob?jk=522f9ab9cf6e4e47,"Commercial Operation Manager, Korea and Taiwan (Lab Water So...",서울,,establishment of training priorities for both long term and short- term objectives Monitors and reports on progress...
https://kr.indeed.com/viewjob?jk=ca35c6cd15d3e860,Commercial Banking - International Onboarding- Treasury Serv...,서울,,"drives everything we do. We strive to build trusted, long- term partnerships to help our clients achieve... business..."
https://kr.indeed.com/viewjob?jk=e72d9f072706ef1d,South Korea Key Account Manager,대한민국,,"maintaining long term executive... Create, develop, and maintain long term executive relationships across a portfolio..."
https://kr.indeed.com/viewjob?jk=874cd204e24ceee5,"Director, Content Scheduling & Operations, HBO Max",서울,,"long term, whilst retaining a careful watch on day-to-day detail. Expert understanding of short, medium... long term..."
https://kr.indeed.com/viewjob?jk=84395780df590870,Laundry & Home Care Sales Graduate Development Program One Y...,서울 강남구,,"JOB ID: 21027112 Contract & Job type: Full Time, Limited Term Contact information for application-related questions..."
https://kr.indeed.com/viewjob?jk=cfa1c0dafd2e31e8,"Renewal Sales Specialist, Google Workspace",서울,,"executive relationships with customers, influence long- term strategic direction, and act as an advisor. Google is proud..."
https://kr.indeed.com/viewjob?jk=fe44b604b59c9bf0,National Sales Manager - Korea ì�´ì‚¬,서울,,"implementing short, medium and long term strategies across all channels Give... short, medium and long term results Lead..."
https://kr.indeed.com/viewjob?jk=fd624aa400347c5d,Livestream Operations Manager - South Korea,서울,,"Talents for live-streaming section. 2. Build and maintain long- term relationship with MCN, agencies and influencers (KOLs). 3..."
https://kr.indeed.com/viewjob?jk=3fa4f98d1510e2a5,"Field Service Representative-Commercial, Korea",서울,,"two-year fixed- term employment contract with full benefits. Following successful completion... employment term, employees..."
https://kr.indeed.com/viewjob?jk=df8c390427a4600a,ESL Teacher,대한민국,,class on average) All contracts... minimum one year term E2 sponsorship if required Full quarantine support during...
https://kr.indeed.com/viewjob?jk=f370c6402ba6b88b,Business Development Manager - Gaming,서울 강남구,,"organizations and influencer groups, working to drive long- term adoption and set growth strategies for our partners. Ideal..."
https://kr.indeed.com/viewjob?jk=88f15dda9d955075,HR Operations Associate,서울,,working in a shared environment; completes daily and long- term tasks through effective prioritization and time management...
https://kr.indeed.com/viewjob?jk=72041fd125e9382b,"Technical Program Manager, Machine Learning, Core",서울,,"all workstreams and engineering work, including longer- term initiatives. Build technical docs, code samples, and guides..."
https://kr.indeed.com/viewjob?jk=69f416f783e702df,CIB - Sales & Marketing - Investor Access - 1 Year Fixed Ter...,서울,,"drives everything we do. We strive to build trusted, long- term partnerships to help our clients achieve... business..."
https://kr.indeed.com/viewjob?jk=fe021aba378dfadf,Trainee Sales Associate (신세계 광주),광주광역시,,mindset is core to our business and key to our long- term success. JOB PURPOSE 개인 및 매장 판매 목표를 초과 달성하기 위해 노력하고 소매점 주도 성장의 주요...
https://kr.indeed.com/viewjob?jk=29d64180c0330546,[Richemont Group] SAP Project- Local Logistics PM,서울,,"SAP Project- Local Logistics PM Richemont Seoul, 11, KR Fixed Term Richemont owns some... world’s leading luxury goods..."
https://kr.indeed.com/viewjob?jk=a6245e9802f91592,[촉탁직] 제조 Platform Co-Marketing 전문가,성남 분당구,,1.채용기간 2022-01-11 - 충원 완료시 2.고용형태 Contractor (Fixed Term) 3.채용직무소개 ** 경력IT분야 솔루션 마케팅 인터넷·IT·통신·모바일·게임>통신·모바일>플랫폼(VM...
https://kr.indeed.com/viewjob?jk=dd97350a5dc78515,Trade Business Intelligence Manager,대한민국,,placing emphasis on long- term sustainable growth and employee well-being over short- term profits... aim... role...
https://kr.indeed.com/viewjob?jk=116031a51567446c,Installation Project Manager,서울,,matter experts Contribute... success of Bloom Energy’s long- term process improvement efforts Participate in Bloom Energy...
https://kr.indeed.com/viewjob?jk=dca6041ac243d216,Laundry & Home Care R&D Intern One year,서울 강남구,,"JOB ID: 21026918 Contract & Job type: Full Time, Limited Term Contact information for application-related questions..."
https://kr.indeed.com/viewjob?jk=82103d939b796aa7,ISV Success Manager,서울,,"Sell... GTM activities and create/ maintain a long- term, scalable joint GTM model that drives partner and customer..."
https://kr.indeed.com/viewjob?jk=fb8f5764cdbe3c39,"Customer Solutions Engineer, Global Client and Agency Soluti...",서울,,customers attain... business goals while building long- term capabilities... Global Client and Agency Solutions (GCAS...
https://kr.indeed.com/viewjob?jk=8431ae82f2f68208,Renewable Energy Analyst,서울,,"Forecasting long- term resource using... data; Development of annual and long term solar energy assessments, using various..."
https://kr.indeed.com/viewjob?jk=3bc13ffba47d392f,Talent Acquisition Partner,경기도 성남,,6. The role is also required systemic thinking... long term talent strategy to accumulate pipeline for local critical...
https://kr.indeed.com/viewjob?jk=e666f81b17b8fd40,"Technology Operations Analyst, Seoul",서울,,"drives everything we do. We strive to build trusted, long- term partnerships to help our clients achieve... business..."
https://kr.indeed.com/viewjob?jk=6bd48f9d3f6c577d,Front End Developer (Short-Term Onsite Project),서울,,do at Hogarth... vacancy... an upcoming short- term project from February-March 2022. The team may be required to work...
https://kr.indeed.com/viewjob?jk=19ec0e2fc12486ff,TPE Specialist,대한민국,,time position. Only consultation... asked. The contract term... 1 year. Candidates... only asked to stay...
https://kr.indeed.com/viewjob?jk=5113ba7fb4339b6e,Supplier Manager,대한민국,,strategies based on business market intelligence long- term analysis... commodity... supply ecosystem. Acquires...
https://kr.indeed.com/viewjob?jk=caae60559135ce1c,Cross Border Ecommerce - Project Management,서울,,projects Lead some issue management and develop short term and long term solution Efficiently organise and convene meetings...
https://kr.indeed.com/viewjob?jk=164dc35dd8a3106e,"Engineering Program Manager (EPM),",서울,,environment. - Preference given to candidates that open to relocation or long term assignment to other Asian country.
https://kr.indeed.com/viewjob?jk=efab6d4feed3e772,Marketing Specialist (수시모집 인재풀 등록),서울,,analytical skills to analyze trends or marketing data. Uses short- term planning skills when forecasting or providing guidance...
https://kr.indeed.com/viewjob?jk=08dfa54b94d5e3fc,"Director, Business Development - Korea (Remote)",서울,,"market strategy including... limited to a short and long- term account and agency plan, a staffing plan that supports..."
https://kr.indeed.com/viewjob?jk=438adba5847882f6,"Offcycle internship, Macquarie Capital Korea",서울,,"principal investment. Job no: MacCap-962251 Work type: Fixed term Location: Seoul Category: Junior, Corporate Finance / M..."
https://kr.indeed.com/viewjob?jk=282e84ee532c651b,"Manager, E-Commerce Operation",서울,,platform behavior and social behavior to carry out long- term and short- term strategy for user acquisition and app penetration...
https://kr.indeed.com/viewjob?jk=d7b1cfffa17b1ae2,"Reporter, Law.com International, Asia",서울,,Referral Bonus • Employee Recognition Awards • Short- term & Long- term Disability Coverage • Flexible Work Schedules ALM...
https://kr.indeed.com/viewjob?jk=cdbca7cf0efeef24,KERING Construction Project Manager,서울,,from inception to completion Collect and summaries the needs in term of space planning or fit out definition for Corporate...
https://kr.indeed.com/viewjob?jk=58f9128b82249c78,Paralegal 1,서울,,contract negotiations and drafting non-standard contractual term/language both in English and Korean. Support other members...
https://kr.indeed.com/viewjob?jk=b445a441b610d648,Finance Head – Korea & ANZ,서울,,commercial contracts... best way to build long- term growth Define and influence together... country lead...
https://kr.indeed.com/viewjob?jk=f142603368812e9a,DISW - Portfolio Development Executive,서울,,"Provide leadership to PreSales Business Development on long term strategic value proposition and industry positioning, ECO..."
https://kr.indeed.com/viewjob?jk=b5d6cb43a3b60aac,Public Policy Manager,서울,,other technology-relevant public policy concerns. 3. Building long- term strategic relationships with local partners; develop...
https://kr.indeed.com/viewjob?jk=dd80d6e1278eb43d,"Associate Director, Marketing Effectiveness",대한민국,,"providing cross market expertise. Over the medium term, the objective... internalize the skills and competences leveraged..."
https://kr.indeed.com/viewjob?jk=a07c1ac31bb7090e,HR Assistant,서울,,experience of using HRIS systems; Understanding of payroll processes Category Human Resources Job Type Fixed Term Contract
https://kr.indeed.com/viewjob?jk=c80c823f4c170fe4,Field Engineer,서울,,so you can grow your career and expand your skills... long term. Cytiva is proud to work alongside a community of nine...
https://kr.indeed.com/viewjob?jk=66b3fa7e0c4e3e2d,Sr Staff FAE,서울 강남구,,opp - Business strategy for mid/long- term biz expansion - Understanding FAE role... strategy for mid/long- term biz expansion...
https://kr.indeed.com/viewjob?jk=353bae19e59dd396,"[Janssen] Communications and Public Affairs Head, North Asia",서울,,"Nth Asia market and demonstrate the company’s long- term commitment... Korea, Taiwan and HK markets, - Demonstrate..."
https://kr.indeed.com/viewjob?jk=e95c7a43409e805b,Customer Support (Chat) - Korean/English - Music Streaming,서울,,enjoyable online environment... an established and long- term project with an incredibly strong internal support system...
https://kr.indeed.com/viewjob?jk=d5a1f6aa96432816,Strategic Account Manager,대한민국,,your plan to develop weekly reporting including long term account strategies with both current and proposed activities...
https://kr.indeed.com/viewjob?jk=b41e85e2ab2552bb,AWS Media Services AM,서울,,well as cultivating net new business • Develop long- term strategic relationships with key accounts and manage complex...
https://kr.indeed.com/viewjob?jk=a879685f56fdebcd,Business Development Manager - Gaming,서울,,"organizations and influencer groups, working to drive long- term adoption and set growth strategies for our partners. Ideal..."
https://kr.indeed.com/viewjob?jk=de0d21966a3ee254,"Field Sales Representative, Enterprise, Google Cloud Custome...",서울,,"relationships with enterprise customers. Influence long- term strategic direction, and serve as a business partner. Negotiate..."
https://kr.indeed.com/viewjob?jk=86228eb81d7f615f,Senior Recruiter,서울,,"recruitment-related initiatives... contribute... long- term growth... team, including candidate engagement/CRM..."
https://kr.indeed.com/viewjob?jk=a825d432af879511,Consultant - Capital Productivity,서울,,continuous improvement effort or developing short and long- term capability-building plans for all relevant levels of client...
https://kr.indeed.com/viewjob?jk=4a45d120ff44f274,"Financial Accountant, Accounting",서울,,"grow... name Google came from ""googol,"" a mathematical term... number 1 followed by 100 zeros. And nobody at Google..."
https://kr.indeed.com/viewjob?jk=8eaa1f6bb8912daf,Financial Analyst - Temp (1year),서울,,Korea Key responsibilities: Develop and execute the long/short- term forecasting and budget planning. Executes monthly close...
https://kr.indeed.com/viewjob?jk=64d3d94729a39a58,[Janssen] Financial Analyst,서울,,"Analyst 2. 계열사: 한국얀센 (Janssen) 3. 근무지: 서울시 용산구 4. 근무 형태: Fixed Term [Responsibilities] 1) Assist, enable and ensure that BU..."
https://kr.indeed.com/viewjob?jk=fe88308384f55644,M&A Specialist - Generalist,서울 강남구,,"RiiidCollaborate with internal teams to assist in long- term financial planning, assessment of financial results, and creation..."
https://kr.indeed.com/viewjob?jk=829100d6bbfffc88,"Partnerships Solutions Partner Manager (English, Korean)",서울,,"through monetization solutions, to helping our long- term partners anticipate and navigate change in a way that delivers..."
https://kr.indeed.com/viewjob?jk=581f0773d0deb0c3,Logistics Analyst,대한민국,,Start: TS/SCI with Polygraph Employee Type: Regular-Long Term Assignment Percentage of Travel Required: Up to 10% Type...
https://kr.indeed.com/viewjob?jk=9046f86eafd667b9,Senior HR Supervisor,대한민국,,"promotions and external recruitment to satisfy near- term performance, longer- term succession needs... insure plant has..."
https://kr.indeed.com/viewjob?jk=73993960c5037de8,글로벌 EC 주니어급 매니저 채용,서울 청담동,,business plans that result... establishment of a long term interactive... consumer ?Develop a plan and Lead global...
https://kr.indeed.com/viewjob?jk=86cfd924963322d1,Project Specialist,대한민국,,"best outcome for Atlas Copco profit... short term... long term. Negotiation skill, strong influencing power..."
https://kr.indeed.com/viewjob?jk=4129ae7fb452bdd8,PES Presales Internship (PES),서울,,"academic or career goals. Internships are generally one term experiences, generally... summer, though some can translate..."
https://kr.indeed.com/viewjob?jk=71a13fd4c4e12fd4,"Head of Marketing Korea, APJ Public Sector Marketing",서울,,appropriate strategic investments while maintaining the short- term delivery of leads; metrics/ROI focused and knows how...
https://kr.indeed.com/viewjob?jk=c41f04b7e9d8d171,Azure Specialist,서울,,influence long- term strategic direction... Articulates business value and long- term implications for customer business...
https://kr.indeed.com/viewjob?jk=43db48a2739e30dc,Recruiter,서울,,"pay only for what they use... up-front expenses or long- term commitments, making AWS the most cost-effective, flexible..."
https://kr.indeed.com/viewjob?jk=b22295422e62a558,"Director, Production Management",서울,,areas as early as possible Negotiate facility deals for long- term stage rentals Identify and hire producer / line producers...
https://kr.indeed.com/viewjob?jk=566c40621d7bb8db,Customer Service Continuous Improvement Automation Specialis...,서울,,whole organization depended... area’s strategy in term of collaboration under one Maersk. • Partner... CUS team...
https://kr.indeed.com/viewjob?jk=b84667c7e0a1d7a3,"Finance Manager, South Korea",서울,,"support... effective Decision making Short and long term financial projections Prepare budget, latest estimate and ensure..."
https://kr.indeed.com/viewjob?jk=b93a01509ac3c1d2,"Technical Sales Specialist (Fixed-term), Pharma Analytics",서울+1 지역,,"Title: Technical Sales Specialist, Pharma Analytics Division/Group: BioProduction Group Working Type: 1-year contract, Remote..."
https://kr.indeed.com/viewjob?jk=5052fe732f277249,Employee Relations Manager,서울,,"partnering with Leadership team, responsible for establishing long- term & constructive union relations strategy, and ensure..."
https://kr.indeed.com/viewjob?jk=9889e1259c7aeb45,ASSOCIATE ENVIRONMENTAL AFFAIRS OFFICER,인천,,commission of any... acts. The term “sexual exploitation” means any actual... conditions. The term “sexual harassment...
https://kr.indeed.com/viewjob?jk=6ddb38d6e7126dcd,KR Communications Manager,서울 중구,,"animals... family owned company, we focus on long- term performance. We believe... we have talented and ambitious..."
https://kr.indeed.com/viewjob?jk=e96a98219e815e7a,R&D 부문 대졸 신입/경력 수시채용 공고,서울 서초동,,"신제품 후보물질 발굴 및 License-in 추진 - 신규물질 스크리닝, 제품검토 및 시장성 평가, 사업제안, Term sheet협의 2. 신약개발과제 License-out 관련 업무의 기획 및 추진 - 내부 개발현황 파악..."
